City_ID,City,Country,Date,Lat,Lng,Max Temp,Humidity,Cloudiness,Wind Speed,Current Description
0,Avarua,CK,2020-09-13 20:35:30,-21.21,-159.78,75.2,73,97,9.17,overcast clouds
1,Lebu,CL,2020-09-13 20:35:31,-37.62,-73.65,51.17,68,0,18.21,clear sky
2,Le Vauclin,MQ,2020-09-13 20:35:31,14.55,-60.84,81.0,88,32,3.36,mist
3,East London,ZA,2020-09-13 20:35:31,-33.02,27.91,63.3,57,69,8.39,broken clouds
4,Rikitea,PF,2020-09-13 20:35:31,-23.12,-134.97,73.58,84,0,13.62,clear sky
5,Albany,US,2020-09-13 20:35:31,42.6,-73.97,73.99,65,65,6.58,broken clouds
6,Pevek,RU,2020-09-13 20:31:06,69.7,170.31,42.49,84,94,8.41,overcast clouds
7,Saldanha,ZA,2020-09-13 20:35:31,-33.01,17.94,55.4,82,82,3.36,broken clouds
8,Barrow,US,2020-09-13 20:35:32,71.29,-156.79,39.2,93,90,18.34,mist
9,Ribeira Grande,PT,2020-09-13 20:35:32,38.52,-28.7,73.4,83,40,14.99,scattered clouds
10,Mataura,NZ,2020-09-13 20:35:32,-46.19,168.86,52.0,91,100,4.0,overcast clouds
11,Hermanus,ZA,2020-09-13 20:34:11,-34.42,19.23,55.99,77,35,3.0,scattered clouds
12,Rorvik,NO,2020-09-13 20:35:32,64.86,11.24,51.8,71,75,20.8,shower rain
13,Narsaq,GL,2020-09-13 20:35:32,60.92,-46.05,44.6,33,0,6.93,clear sky
14,Sao Joao Del Rei,BR,2020-09-13 20:35:32,-21.14,-44.26,78.8,27,0,8.05,clear sky
15,Bluff,NZ,2020-09-13 20:35:32,-46.6,168.33,52.0,91,100,4.0,overcast clouds
16,Punta Arenas,CL,2020-09-13 20:32:09,-53.15,-70.92,44.6,69,100,21.92,overcast clouds
17,Qaanaaq,GL,2020-09-13 20:35:33,77.48,-69.36,22.68,81,4,7.54,clear sky
18,Yingkou,CN,2020-09-13 20:35:33,40.66,122.23,60.64,91,8,4.56,light rain
19,Bredasdorp,ZA,2020-09-13 20:35:33,-34.53,20.04,57.2,62,44,17.22,scattered clouds
20,Cidreira,BR,2020-09-13 20:31:08,-30.18,-50.21,64.62,93,62,8.37,light rain
21,Mandalgovi,MN,2020-09-13 20:35:33,45.76,106.27,41.34,61,0,5.99,clear sky
22,Coquimbo,CL,2020-09-13 20:35:33,-29.95,-71.34,60.8,63,0,12.75,clear sky
23,Gouyave,GD,2020-09-13 20:35:33,12.16,-61.73,89.6,75,40,17.22,scattered clouds
24,Ushuaia,AR,2020-09-13 20:34:31,-54.8,-68.3,44.6,71,100,6.73,overcast clouds
25,Hoquiam,US,2020-09-13 20:35:34,46.98,-123.89,64.99,77,90,5.82,haze
26,Busselton,AU,2020-09-13 20:35:34,-33.65,115.33,55.99,63,100,6.76,overcast clouds
27,Quarai,BR,2020-09-13 20:35:34,-30.39,-56.45,66.96,92,100,8.55,overcast clouds
28,Norman Wells,CA,2020-09-13 20:35:35,65.28,-126.83,39.2,60,20,3.36,few clouds
29,Broome,US,2020-09-13 20:35:35,42.25,-75.83,66.0,93,90,8.05,overcast clouds
30,Lincoln,US,2020-09-13 20:33:33,40.8,-96.67,84.0,34,1,3.8,clear sky
31,Port Alfred,ZA,2020-09-13 20:35:35,-33.59,26.89,59.02,64,0,9.28,clear sky
32,Osoyoos,CA,2020-09-13 20:32:07,49.03,-119.45,69.8,43,90,16.11,smoke
33,Qui Nhon,VN,2020-09-13 20:35:36,13.77,109.23,78.33,85,95,4.97,overcast clouds
34,Tuatapere,NZ,2020-09-13 20:35:36,-46.13,167.68,52.0,91,100,4.0,overcast clouds
35,Bubaque,GW,2020-09-13 20:35:36,11.28,-15.83,80.85,87,52,18.3,broken clouds
36,Butaritari,KI,2020-09-13 20:35:36,3.07,172.79,82.78,75,12,15.68,few clouds
37,Mar Del Plata,AR,2020-09-13 20:35:37,-38.0,-57.56,54.0,54,100,11.41,overcast clouds
38,Yar-Sale,RU,2020-09-13 20:35:37,66.83,70.83,44.01,91,24,9.42,few clouds
39,Vaini,TO,2020-09-13 20:35:37,-21.2,-175.2,69.8,73,75,11.41,broken clouds
40,Puerto Ayora,EC,2020-09-13 20:35:38,-0.74,-90.35,78.8,54,20,6.93,few clouds
41,Tura,IN,2020-09-13 20:35:38,25.52,90.22,74.01,98,100,6.11,overcast clouds
42,Bauchi,NG,2020-09-13 20:35:39,10.5,10.0,73.13,85,100,3.02,overcast clouds
43,Cockburn Town,TC,2020-09-13 20:35:39,21.46,-71.14,86.0,66,40,6.93,scattered clouds
44,Hailar,CN,2020-09-13 20:32:16,49.2,119.7,53.64,93,100,4.79,light rain
45,Tilichiki,RU,2020-09-13 20:35:39,60.47,166.1,43.75,86,100,12.97,overcast clouds
46,Beyneu,KZ,2020-09-13 20:35:39,45.32,55.2,67.8,45,0,7.67,clear sky
47,Hobart,AU,2020-09-13 20:32:56,-42.88,147.33,46.4,61,20,18.34,few clouds
48,Makakilo City,US,2020-09-13 20:35:40,21.35,-158.09,84.2,51,20,5.82,few clouds
49,San Quintin,MX,2020-09-13 20:35:40,30.48,-115.95,79.95,51,0,15.01,clear sky
50,Tuktoyaktuk,CA,2020-09-13 20:35:40,69.45,-133.04,39.2,93,90,28.86,light rain
51,Lodja,CD,2020-09-13 20:35:40,-3.48,23.43,71.19,92,56,1.81,moderate rain
52,Atuona,PF,2020-09-13 20:35:40,-9.8,-139.03,78.4,77,1,16.06,clear sky
53,Severo-Kurilsk,RU,2020-09-13 20:35:41,50.68,156.12,49.91,79,4,16.62,clear sky
54,Leeuwarden,NL,2020-09-13 20:35:41,53.2,5.81,61.0,87,49,6.93,scattered clouds
55,Sitka,US,2020-09-13 20:35:41,57.05,-135.33,60.8,38,1,3.36,clear sky
56,Guerrero Negro,MX,2020-09-13 20:35:41,27.98,-114.06,87.73,33,0,10.76,clear sky
57,Tasiilaq,GL,2020-09-13 20:35:41,65.61,-37.64,37.4,69,92,4.7,overcast clouds
58,Lazaro Cardenas,MX,2020-09-13 20:35:41,17.96,-102.2,85.28,71,96,8.77,overcast clouds
59,Faya,SA,2020-09-13 20:35:41,18.39,42.45,75.2,13,0,4.7,clear sky
60,Lata,PT,2020-09-13 20:35:42,40.16,-8.33,72.0,88,20,4.7,few clouds
61,Asosa,ET,2020-09-13 20:35:42,10.07,34.53,61.29,98,100,1.34,overcast clouds
62,Bambous Virieux,MU,2020-09-13 20:30:44,-20.34,57.76,71.6,78,75,10.29,shower rain
63,Rawson,AR,2020-09-13 20:35:42,-43.3,-65.1,51.04,47,0,9.57,clear sky
64,Saskylakh,RU,2020-09-13 20:35:42,71.92,114.08,44.94,80,100,3.69,overcast clouds
65,Labuhan,ID,2020-09-13 20:35:43,-6.88,112.21,76.46,80,63,8.61,heavy intensity rain
66,Carnarvon,AU,2020-09-13 20:33:06,-24.87,113.63,59.0,100,0,4.7,clear sky
67,Mariana,BR,2020-09-13 20:33:22,-20.38,-43.42,69.94,45,0,4.85,clear sky
68,La Ronge,CA,2020-09-13 20:35:43,55.1,-105.28,55.4,54,75,5.82,broken clouds
69,Port Blair,IN,2020-09-13 20:31:06,11.67,92.75,81.97,78,100,11.97,overcast clouds
70,Fortuna,US,2020-09-13 20:35:43,40.6,-124.16,60.01,100,75,7.74,broken clouds
71,Port-Cartier,CA,2020-09-13 20:35:43,50.03,-66.87,54.0,81,90,6.93,shower rain
72,Cape Town,ZA,2020-09-13 20:35:43,-33.93,18.42,55.0,87,75,16.11,light rain
73,Hithadhoo,MV,2020-09-13 20:35:43,-0.6,73.08,81.37,69,85,5.59,overcast clouds
74,Georgetown,MY,2020-09-13 20:35:43,5.41,100.34,78.8,88,20,2.24,moderate rain
75,Ixil,MX,2020-09-13 20:35:44,21.15,-89.48,91.99,63,75,9.17,broken clouds
76,Merrimack,US,2020-09-13 20:31:43,42.87,-71.49,75.2,50,75,12.75,broken clouds
77,Asau,RO,2020-09-13 20:35:44,46.43,26.4,59.0,92,4,4.79,light rain
78,Manicore,BR,2020-09-13 20:35:44,-5.81,-61.3,96.8,47,68,3.36,broken clouds
79,Westport,US,2020-09-13 20:35:44,41.14,-73.36,75.99,64,40,11.41,scattered clouds
80,Ponta Do Sol,PT,2020-09-13 20:35:45,32.67,-17.1,73.4,73,20,2.24,few clouds
81,Bowen,AU,2020-09-13 20:35:11,-20.02,148.23,64.4,88,8,9.17,clear sky
82,Zabol,AF,2020-09-13 20:35:45,32.25,67.25,63.93,24,0,7.52,clear sky
83,Nikolskoye,RU,2020-09-13 20:35:45,59.7,30.79,55.0,71,40,13.42,scattered clouds
84,Mgandu,TZ,2020-09-13 20:35:45,-5.95,34.13,64.96,52,3,8.21,clear sky
85,Pachmarhi,IN,2020-09-13 20:35:45,22.47,78.43,69.4,100,82,2.53,broken clouds
86,Iquitos,PE,2020-09-13 20:35:45,-3.75,-73.25,93.2,56,40,3.36,scattered clouds
87,Asfi,MA,2020-09-13 20:35:45,32.3,-9.24,70.52,86,92,5.77,overcast clouds
88,Airai,TL,2020-09-13 20:35:46,-8.93,125.41,54.73,67,1,3.56,clear sky
89,Port Elizabeth,ZA,2020-09-13 20:35:46,-33.92,25.57,55.4,76,0,10.29,clear sky
90,Utete,TZ,2020-09-13 20:35:46,-7.99,38.76,72.77,91,23,4.18,few clouds
91,Esperance,AU,2020-09-13 20:35:46,-33.87,121.9,50.0,100,2,13.87,clear sky
92,Hilo,US,2020-09-13 20:35:47,19.73,-155.09,82.4,58,75,5.82,broken clouds
93,Saint Anthony,US,2020-09-13 20:31:09,45.02,-93.22,73.0,56,1,5.82,clear sky
94,Buala,SB,2020-09-13 20:35:47,-8.14,159.59,82.87,75,82,8.32,broken clouds
95,Namie,JP,2020-09-13 20:35:47,37.48,141.0,66.99,98,99,10.45,overcast clouds
96,Charters Towers,AU,2020-09-13 20:35:47,-20.1,146.27,61.02,90,0,7.99,light rain
97,Kralendijk,BQ,2020-09-13 20:35:47,12.15,-68.27,84.34,81,57,18.45,broken clouds
98,Rio Grande,BR,2020-09-13 20:34:39,-32.03,-52.1,64.4,100,90,13.87,mist
99,Port Moresby,PG,2020-09-13 20:35:47,-9.44,147.18,71.6,83,20,5.82,few clouds
100,Thompson,CA,2020-09-13 20:35:48,55.74,-97.86,53.6,54,75,12.75,broken clouds
101,Arani,IN,2020-09-13 20:35:48,12.67,79.28,75.36,86,100,4.61,overcast clouds
102,Rudbar,AF,2020-09-13 20:31:06,30.15,62.6,70.25,23,0,10.25,clear sky
103,Jimenez,MX,2020-09-13 20:35:48,28.33,-105.4,71.6,53,90,8.05,drizzle
104,Pringsewu,ID,2020-09-13 20:35:48,-5.36,104.97,73.38,91,98,4.45,overcast clouds
105,Maiduguri,NG,2020-09-13 20:35:48,11.85,13.16,75.94,68,8,4.7,clear sky
106,Chokurdakh,RU,2020-09-13 20:35:49,70.63,147.92,44.98,70,39,3.74,scattered clouds
107,Moussoro,TD,2020-09-13 20:35:49,13.64,16.49,82.8,53,7,6.06,clear sky
108,Victoria,HK,2020-09-13 20:35:49,22.29,114.16,80.01,88,66,8.01,light rain
109,Katsuura,JP,2020-09-13 20:35:49,35.13,140.3,73.0,94,75,10.29,light intensity shower rain
110,Castro,BR,2020-09-13 20:35:26,-24.79,-50.01,73.2,47,11,4.79,few clouds
111,Pa Sang,TH,2020-09-13 20:35:50,18.53,98.94,77.0,94,20,3.36,few clouds
112,Saint-Philippe,RE,2020-09-13 20:35:50,-21.36,55.77,69.01,68,90,6.93,overcast clouds
113,Robat Karim,IR,2020-09-13 20:35:50,35.48,51.08,75.2,46,40,11.41,scattered clouds
114,Benicarlo,ES,2020-09-13 20:35:50,40.42,0.43,68.0,61,0,1.99,clear sky
115,Meulaboh,ID,2020-09-13 20:35:50,4.14,96.13,77.07,90,100,3.02,overcast clouds
116,Lubango,AO,2020-09-13 20:35:51,-14.92,13.49,59.97,45,0,4.21,clear sky
117,Lagoa,PT,2020-09-13 20:35:51,39.05,-27.98,72.57,82,76,21.43,light rain
118,Yellowknife,CA,2020-09-13 20:35:51,62.46,-114.35,37.99,55,75,9.17,broken clouds
119,Aksarka,RU,2020-09-13 20:33:09,66.56,67.8,44.06,86,97,10.36,overcast clouds
120,Arlit,NE,2020-09-13 20:35:51,18.74,7.39,99.43,11,0,12.53,clear sky
121,Townsend,US,2020-09-13 20:35:51,39.4,-75.69,79.0,82,53,4.0,broken clouds
122,Khatanga,RU,2020-09-13 20:35:51,71.97,102.5,45.73,71,0,6.2,clear sky
123,Bangui,CF,2020-09-13 20:31:47,4.36,18.55,77.0,78,40,5.82,thunderstorm
124,Santa Cruz De Tenerife,ES,2020-09-13 20:35:52,28.47,-16.25,73.0,88,75,8.05,broken clouds
125,Vardo,NO,2020-09-13 20:35:52,70.37,31.11,48.2,93,90,14.99,overcast clouds
126,Ravar,IR,2020-09-13 20:35:52,31.27,56.81,67.35,24,0,9.13,clear sky
127,Cap Malheureux,MU,2020-09-13 20:35:52,-19.98,57.61,66.99,85,95,5.99,overcast clouds
128,Kodiak,US,2020-09-13 20:35:15,57.79,-152.41,57.2,50,1,3.36,clear sky
129,Ambon,ID,2020-09-13 20:35:52,-3.7,128.18,78.06,82,100,11.36,overcast clouds
130,Kaitangata,NZ,2020-09-13 20:35:52,-46.28,169.85,53.01,92,95,1.01,light rain
131,Along,IN,2020-09-13 20:35:53,28.17,94.77,73.47,89,100,0.67,moderate rain
132,Pastos Bons,BR,2020-09-13 20:35:53,-6.6,-44.08,85.95,25,72,4.0,broken clouds
133,Geraldton,AU,2020-09-13 20:35:53,-28.77,114.6,64.4,34,0,16.11,clear sky
134,Oeiras Do Para,BR,2020-09-13 20:35:53,-2.0,-49.85,89.98,50,96,4.56,overcast clouds
135,Haines Junction,CA,2020-09-13 20:30:58,60.75,-137.51,48.18,49,44,3.47,scattered clouds
136,Santa Maria,BR,2020-09-13 20:35:53,-29.68,-53.81,68.0,88,75,6.93,broken clouds
137,Candolim,IN,2020-09-13 20:35:53,15.52,73.76,79.74,83,100,11.7,overcast clouds
138,Tiarei,PF,2020-09-13 20:35:54,-17.53,-149.33,84.2,66,20,14.99,few clouds
139,Kasongo,CD,2020-09-13 20:35:54,-4.45,26.67,75.33,71,23,4.41,few clouds
140,Denpasar,ID,2020-09-13 20:35:19,-8.65,115.22,78.8,88,20,4.7,few clouds
141,Marfino,RU,2020-09-13 20:35:55,55.7,37.38,59.0,71,65,11.18,broken clouds
142,Namibe,AO,2020-09-13 20:35:55,-15.2,12.15,62.6,84,57,5.41,broken clouds
143,Valparaiso,CL,2020-09-13 20:35:55,-33.04,-71.63,73.4,45,0,23.04,clear sky
144,Deputatskiy,RU,2020-09-13 20:35:55,69.3,139.9,37.49,83,100,3.51,overcast clouds
145,Bonavista,CA,2020-09-13 20:35:55,48.65,-53.11,58.66,67,96,10.58,overcast clouds
146,Longyearbyen,SJ,2020-09-13 20:35:55,78.22,15.64,37.4,74,75,14.99,broken clouds
147,Kulhudhuffushi,MV,2020-09-13 20:35:56,6.62,73.07,82.02,77,100,13.02,overcast clouds
148,Richards Bay,ZA,2020-09-13 20:35:56,-28.78,32.04,73.42,62,0,15.68,clear sky
149,Kokkola,FI,2020-09-13 20:35:56,63.84,23.13,55.0,62,16,10.29,few clouds
150,Pacifica,US,2020-09-13 20:32:34,37.61,-122.49,69.01,68,90,16.11,haze
151,Payson,US,2020-09-13 20:35:56,40.04,-111.73,84.99,33,1,4.7,clear sky
152,Jamestown,US,2020-09-13 20:35:56,42.1,-79.24,73.0,77,75,12.75,broken clouds
153,Pisco,PE,2020-09-13 20:35:56,-13.7,-76.22,69.8,60,5,12.75,clear sky
154,Upernavik,GL,2020-09-13 20:32:16,72.79,-56.15,32.04,96,98,10.78,overcast clouds
155,Carutapera,BR,2020-09-13 20:35:57,-1.2,-46.02,79.5,79,13,9.13,few clouds
156,Saint George,US,2020-09-13 20:31:11,37.1,-113.58,93.0,10,1,6.93,clear sky
157,Arraial Do Cabo,BR,2020-09-13 20:35:57,-22.97,-42.03,78.8,73,0,21.92,clear sky
158,Libreville,GA,2020-09-13 20:35:57,0.39,9.45,78.8,83,20,9.17,few clouds
159,Hasaki,JP,2020-09-13 20:31:11,35.73,140.83,70.0,94,75,6.93,broken clouds
160,Mecca,SA,2020-09-13 20:33:22,21.43,39.83,87.91,38,1,3.49,clear sky
161,Hervey Bay,AU,2020-09-13 20:35:57,-25.3,152.85,61.0,94,6,3.0,clear sky
162,San Vicente De Canete,PE,2020-09-13 20:35:57,-13.08,-76.38,64.33,71,25,6.31,scattered clouds
163,Palora,EC,2020-09-13 20:35:58,-1.7,-77.93,80.6,57,40,4.7,scattered clouds
164,New Norfolk,AU,2020-09-13 20:35:58,-42.78,147.06,44.01,69,42,1.99,light rain
165,Mayo,US,2020-09-13 20:35:58,38.89,-76.51,80.01,88,20,12.75,few clouds
166,Tahta,EG,2020-09-13 20:35:58,26.77,31.5,87.8,27,0,2.24,clear sky
167,Kupang,ID,2020-09-13 20:35:59,-10.17,123.58,70.74,70,1,5.03,clear sky
168,Bonthe,SL,2020-09-13 20:35:59,7.53,-12.51,77.49,91,100,7.11,light rain
169,Mount Gambier,AU,2020-09-13 20:35:59,-37.83,140.77,44.6,100,40,6.93,scattered clouds
170,Cangzhou,CN,2020-09-13 20:35:59,38.32,116.87,65.41,86,94,3.67,light rain
171,Minot,US,2020-09-13 20:35:59,48.23,-101.3,64.4,36,1,12.75,clear sky
172,Tiksi,RU,2020-09-13 20:36:00,71.69,128.87,39.31,88,9,1.59,clear sky
173,Talcahuano,CL,2020-09-13 20:33:05,-36.72,-73.12,59.0,58,0,17.22,clear sky
174,Christchurch,NZ,2020-09-13 20:31:12,-43.53,172.63,51.8,81,99,4.7,overcast clouds
175,Berlevag,NO,2020-09-13 20:36:00,70.86,29.09,48.2,93,75,9.17,light intensity drizzle
176,Iqaluit,CA,2020-09-13 20:36:00,63.75,-68.51,39.2,89,90,11.32,overcast clouds
177,Xichang,CN,2020-09-13 20:36:00,27.9,102.26,63.84,81,99,1.45,moderate rain
178,Chiria,IN,2020-09-13 20:36:00,22.3,85.27,73.81,96,99,1.66,overcast clouds
179,Terre Haute,US,2020-09-13 20:33:04,39.47,-87.41,82.4,51,40,6.93,scattered clouds
180,Itarema,BR,2020-09-13 20:36:00,-2.92,-39.92,78.93,73,69,18.25,broken clouds
181,Lumphat,KH,2020-09-13 20:36:01,13.49,106.98,73.38,97,87,2.19,overcast clouds
182,Alice Springs,AU,2020-09-13 20:36:01,-23.7,133.88,62.6,55,0,8.05,clear sky
183,Tokmak,UA,2020-09-13 20:36:01,47.25,35.71,66.9,45,0,2.48,clear sky
184,Blythe,US,2020-09-13 20:36:01,33.61,-114.6,100.99,11,1,3.36,clear sky
185,Sovetskoye,RU,2020-09-13 20:36:01,52.29,85.41,44.78,83,12,3.94,few clouds
186,Maracacume,BR,2020-09-13 20:36:01,-2.04,-45.96,78.06,84,74,4.18,broken clouds
187,Zaraza,VE,2020-09-13 20:36:01,9.35,-65.32,85.3,86,61,1.34,broken clouds
188,Lompoc,US,2020-09-13 20:36:02,34.64,-120.46,66.99,72,1,10.29,haze
189,Jalu,LY,2020-09-13 20:31:25,29.03,21.55,88.57,26,0,15.14,clear sky
190,Bethel,US,2020-09-13 20:36:02,41.37,-73.41,73.99,64,75,9.17,broken clouds
191,Nouadhibou,MR,2020-09-13 20:36:02,20.93,-17.03,86.0,58,71,9.17,broken clouds
192,Jakar,BT,2020-09-13 20:36:03,27.55,90.75,58.84,75,99,1.19,overcast clouds
193,Mahebourg,MU,2020-09-13 20:36:03,-20.41,57.7,71.6,78,75,10.29,shower rain
194,Nuuk,GL,2020-09-13 20:36:03,64.18,-51.72,39.2,51,0,8.05,clear sky
195,Yeppoon,AU,2020-09-13 20:36:03,-23.13,150.73,64.4,82,40,6.93,scattered clouds
196,Waw,SS,2020-09-13 20:36:03,7.7,28.0,70.43,97,96,4.29,overcast clouds
197,Grindavik,IS,2020-09-13 20:36:03,63.84,-22.43,44.6,87,75,10.29,broken clouds
198,Caravelas,BR,2020-09-13 20:36:03,-17.71,-39.25,73.49,83,97,7.92,overcast clouds
199,Marsh Harbour,BS,2020-09-13 20:35:23,26.54,-77.06,84.11,67,100,8.68,overcast clouds
200,Kyotera,UG,2020-09-13 20:36:04,-0.62,31.52,68.77,55,16,2.46,few clouds
201,Champerico,GT,2020-09-13 20:36:04,14.3,-91.92,68.0,94,61,9.06,broken clouds
202,Cobija,BO,2020-09-13 20:36:04,-11.03,-68.77,97.83,28,27,2.21,scattered clouds
203,Halifax,CA,2020-09-13 20:31:36,44.65,-63.57,64.99,80,64,8.01,broken clouds
204,Mbini,GQ,2020-09-13 20:36:05,1.57,9.61,78.8,94,40,5.82,scattered clouds
205,Cabo San Lucas,MX,2020-09-13 20:33:43,22.89,-109.91,88.0,70,40,11.41,scattered clouds
206,Port Lincoln,AU,2020-09-13 20:36:05,-34.73,135.87,52.52,89,3,5.01,clear sky
207,Gondar,ET,2020-09-13 20:36:05,12.6,37.47,57.85,75,33,3.53,scattered clouds
208,Soe,ID,2020-09-13 20:36:05,-9.86,124.28,60.17,75,1,3.87,clear sky
209,Axim,GH,2020-09-13 20:36:05,4.87,-2.24,75.63,91,85,8.5,overcast clouds
210,Udachnyy,RU,2020-09-13 20:36:05,66.42,112.4,41.0,86,0,4.47,clear sky
211,Ogaminana,NG,2020-09-13 20:36:06,7.59,6.22,72.77,94,93,4.68,overcast clouds
212,Hobyo,SO,2020-09-13 20:36:06,5.35,48.53,78.49,81,78,21.83,broken clouds
213,Abay,KZ,2020-09-13 20:36:06,49.63,72.85,39.2,80,98,4.47,overcast clouds
214,Laguna,US,2020-09-13 20:36:07,38.42,-121.42,80.6,39,90,5.75,haze
215,Porosozero,RU,2020-09-13 20:36:07,62.72,32.73,45.19,89,5,11.03,clear sky
216,Kolosovka,RU,2020-09-13 20:36:07,56.47,73.61,51.35,85,76,1.63,broken clouds
217,Dikson,RU,2020-09-13 20:36:07,73.51,80.55,45.66,90,69,19.95,broken clouds
218,Dingle,PH,2020-09-13 20:36:07,11.0,122.67,76.68,92,70,4.97,very heavy rain
219,Biloela,AU,2020-09-13 20:36:07,-24.42,150.5,61.38,84,2,7.58,clear sky
220,Nikel,RU,2020-09-13 20:32:06,69.41,30.22,46.4,87,75,5.82,broken clouds
221,Kjollefjord,NO,2020-09-13 20:36:07,70.95,27.35,46.4,93,75,3.36,broken clouds
222,Valday,RU,2020-09-13 20:36:08,57.97,33.25,48.07,82,0,10.6,clear sky
223,Torbay,CA,2020-09-13 20:31:08,47.67,-52.73,61.0,48,75,5.82,broken clouds
224,Paamiut,GL,2020-09-13 20:36:08,61.99,-49.67,37.13,71,0,3.78,clear sky
225,Lorengau,PG,2020-09-13 20:36:08,-2.02,147.27,82.36,80,96,11.99,overcast clouds
226,Abalak,RU,2020-09-13 20:36:08,58.13,68.59,45.03,96,82,2.37,broken clouds
227,Farafangana,MG,2020-09-13 20:36:08,-22.82,47.83,69.28,85,27,6.22,light rain
228,Coahuayana,MX,2020-09-13 20:36:09,18.73,-103.68,82.4,74,75,11.41,broken clouds
229,Alofi,NU,2020-09-13 20:36:09,-19.06,-169.92,75.2,60,75,18.34,broken clouds
230,Kapaa,US,2020-09-13 20:36:09,22.08,-159.32,84.2,66,75,12.75,broken clouds
231,Palmer,US,2020-09-13 20:33:20,42.16,-72.33,73.99,60,75,6.93,broken clouds
232,Kandla,IN,2020-09-13 20:36:09,23.03,70.22,86.36,71,100,9.31,light rain
233,Valdosta,US,2020-09-13 20:36:06,30.83,-83.28,87.8,66,20,12.75,few clouds
234,Chuy,UY,2020-09-13 20:36:09,-33.7,-53.46,58.17,97,100,8.75,overcast clouds
235,Sangolqui,EC,2020-09-13 20:36:09,-0.33,-78.45,75.2,27,40,12.75,scattered clouds
236,Ilulissat,GL,2020-09-13 20:31:59,69.22,-51.1,30.2,54,5,4.7,clear sky
237,Fairbanks,US,2020-09-13 20:35:52,64.84,-147.72,50.0,57,1,3.36,haze
238,Betsiamites,CA,2020-09-13 20:36:10,48.94,-68.65,68.0,72,75,4.7,moderate rain
239,Ugoofaaru,MV,2020-09-13 20:36:10,5.67,73.0,82.36,76,100,10.78,overcast clouds
240,Luderitz,NA,2020-09-13 20:36:10,-26.65,15.16,56.57,65,0,23.26,clear sky
241,Leningradskiy,RU,2020-09-13 20:36:11,69.38,178.42,42.15,81,100,1.74,overcast clouds
242,Amapa,BR,2020-09-13 20:36:11,1.0,-52.0,86.14,58,100,4.81,light rain
243,Puerto Escondido,MX,2020-09-13 20:36:11,15.85,-97.07,87.8,58,75,5.82,broken clouds
244,Suez,EG,2020-09-13 20:36:11,29.97,32.53,76.89,79,0,10.63,clear sky
245,Kaberamaido,UG,2020-09-13 20:36:11,1.74,33.16,68.2,84,34,3.98,light rain
246,Rodrigues Alves,BR,2020-09-13 20:36:12,-7.74,-72.65,84.2,74,75,6.93,thunderstorm
247,Newport,GB,2020-09-13 20:33:42,51.59,-3.0,63.0,85,0,6.98,clear sky
248,Cherskiy,RU,2020-09-13 20:36:12,68.75,161.3,45.37,64,0,6.51,clear sky
249,Ayacucho,PE,2020-09-13 20:36:12,-13.16,-74.22,68.63,33,43,10.25,scattered clouds
250,Innisfail,AU,2020-09-13 20:36:12,-17.53,146.03,60.01,99,86,4.0,moderate rain
251,Mitsamiouli,KM,2020-09-13 20:36:12,-11.38,43.28,77.02,80,9,1.95,clear sky
252,Itaituba,BR,2020-09-13 20:36:12,-4.28,-55.98,96.8,44,20,1.05,few clouds
253,Seoul,KR,2020-09-13 20:33:36,37.57,126.98,64.4,93,1,2.71,clear sky
254,Talnakh,RU,2020-09-13 20:36:13,69.49,88.4,51.8,93,40,11.18,scattered clouds
255,Azare,NG,2020-09-13 20:36:13,11.68,10.19,77.95,67,59,6.2,broken clouds
256,Isangel,VU,2020-09-13 20:36:13,-19.55,169.27,73.4,83,90,5.82,overcast clouds
257,North Bend,US,2020-09-13 20:34:54,43.41,-124.22,72.0,100,90,4.7,smoke
258,Porto Real,BR,2020-09-13 20:36:13,-22.42,-44.29,77.16,39,0,4.52,clear sky
259,Vestmannaeyjar,IS,2020-09-13 20:36:13,63.44,-20.27,46.4,81,75,19.46,broken clouds
260,Pangai,TO,2020-09-13 20:36:14,-19.8,-174.35,71.6,64,75,13.87,broken clouds
261,Lasa,IT,2020-09-13 20:36:14,46.62,10.7,60.8,87,5,2.24,clear sky
262,Salalah,OM,2020-09-13 20:36:14,17.02,54.09,80.6,88,75,4.7,broken clouds
263,Plettenberg Bay,ZA,2020-09-13 20:36:15,-34.05,23.37,56.5,60,0,11.12,clear sky
264,Kahului,US,2020-09-13 20:35:41,20.89,-156.47,89.6,38,20,18.34,few clouds
265,Anloga,GH,2020-09-13 20:36:15,5.79,0.9,77.0,83,20,10.29,few clouds
266,Hof,DE,2020-09-13 20:36:15,50.32,11.92,61.0,65,100,1.16,overcast clouds
267,Ahuimanu,US,2020-09-13 20:36:15,21.44,-157.84,84.2,58,20,10.29,few clouds
268,Hobbs,US,2020-09-13 20:33:03,32.7,-103.14,80.6,39,20,9.17,few clouds
269,Hit,IQ,2020-09-13 20:36:15,33.64,42.83,93.87,14,1,12.28,clear sky
270,Hami,CN,2020-09-13 20:36:16,42.8,93.45,66.38,21,100,5.55,overcast clouds
271,Maniitsoq,GL,2020-09-13 20:36:16,65.42,-52.9,37.26,73,0,5.79,clear sky
272,Wadi Maliz,TN,2020-09-13 20:36:16,36.47,8.55,68.0,94,40,2.24,scattered clouds
273,Sulangan,PH,2020-09-13 20:36:16,11.14,123.72,83.89,76,57,8.46,broken clouds
274,Benghazi,LY,2020-09-13 20:36:16,32.12,20.07,82.65,45,0,16.96,clear sky
275,Provideniya,RU,2020-09-13 20:36:16,64.38,-173.3,48.2,87,90,15.66,light rain
276,Leticia,CO,2020-09-13 20:36:16,-4.22,-69.94,91.4,63,75,6.93,broken clouds
277,Olafsvik,IS,2020-09-13 20:36:17,64.89,-23.71,46.63,74,98,12.17,overcast clouds
278,Skibbereen,IE,2020-09-13 20:36:17,51.55,-9.27,57.2,93,75,8.05,light intensity drizzle
279,Bani Walid,LY,2020-09-13 20:36:17,31.76,13.99,76.17,69,0,13.27,clear sky
280,Ulladulla,AU,2020-09-13 20:36:17,-35.35,150.47,46.99,100,77,1.12,broken clouds
281,High Level,CA,2020-09-13 20:36:17,58.52,-117.14,44.6,51,75,8.05,broken clouds
282,Necochea,AR,2020-09-13 20:36:17,-38.55,-58.74,52.0,73,19,8.99,few clouds
283,Kuznechnoye,RU,2020-09-13 20:36:18,61.12,29.87,51.01,75,0,11.3,clear sky
284,Nhulunbuy,AU,2020-09-13 20:36:18,-12.23,136.77,69.8,88,40,4.7,scattered clouds
285,Prince Rupert,CA,2020-09-13 20:36:18,54.32,-130.32,55.4,93,20,2.24,few clouds
286,Arsk,RU,2020-09-13 20:36:18,56.09,49.88,55.4,58,100,11.18,light rain
287,Surt,LY,2020-09-13 20:36:19,31.21,16.59,81.12,76,0,16.69,clear sky
288,Maroantsetra,MG,2020-09-13 20:36:19,-15.43,49.73,67.96,84,10,3.94,clear sky
289,Sarandi,BR,2020-09-13 20:36:19,-23.44,-51.87,95.0,23,94,10.29,overcast clouds
290,Melville,US,2020-09-13 20:36:19,40.79,-73.42,75.0,69,90,13.87,overcast clouds
291,Marawi,PH,2020-09-13 20:36:19,8.0,124.29,75.0,95,56,5.99,broken clouds
292,Manavalakurichi,IN,2020-09-13 20:36:19,8.13,77.3,78.8,94,75,12.71,moderate rain
293,Praia Da Vitoria,PT,2020-09-13 20:36:20,38.73,-27.07,75.2,83,20,10.78,few clouds
294,Touros,BR,2020-09-13 20:36:21,-5.2,-35.46,78.8,69,20,13.87,few clouds
295,Adrar,MR,2020-09-13 20:36:21,20.5,-10.07,101.57,13,72,10.49,broken clouds
296,Port Hardy,CA,2020-09-13 20:36:21,50.7,-127.42,55.4,93,90,5.82,smoke
297,Laurinburg,US,2020-09-13 20:36:21,34.77,-79.46,88.0,55,75,8.05,broken clouds
298,Kampot,KH,2020-09-13 20:36:21,10.62,104.18,78.8,88,40,5.57,scattered clouds
299,Ponta Delgada,PT,2020-09-13 20:35:39,37.73,-25.67,71.6,78,20,10.29,few clouds
300,Chepareria,KE,2020-09-13 20:36:22,1.31,35.2,61.81,71,44,3.27,scattered clouds
301,Peniche,PT,2020-09-13 20:36:22,39.36,-9.38,70.0,85,100,5.01,overcast clouds
302,Clyde River,CA,2020-09-13 20:36:22,70.47,-68.59,41.0,52,75,5.82,broken clouds
303,Fare,PF,2020-09-13 20:36:23,-16.7,-151.02,78.66,77,91,12.64,overcast clouds
304,Nioro,GM,2020-09-13 20:36:23,13.35,-15.75,78.04,90,41,7.29,light rain
305,Atascadero,US,2020-09-13 20:33:53,35.49,-120.67,89.01,32,0,1.01,clear sky
306,Aklavik,CA,2020-09-13 20:36:23,68.22,-135.01,39.2,58,75,4.7,broken clouds
307,Hermanuv Mestec,CZ,2020-09-13 20:36:23,49.95,15.66,69.01,82,18,1.12,few clouds
308,Gornopravdinsk,RU,2020-09-13 20:36:23,60.05,69.9,43.14,91,84,2.55,broken clouds
309,Bellavista,PE,2020-09-13 20:36:24,-7.06,-76.59,78.8,83,75,5.82,shower rain
310,Mana,GF,2020-09-13 20:36:24,5.66,-53.78,82.38,77,2,11.05,clear sky
311,Sagua De Tanamo,CU,2020-09-13 20:36:24,20.58,-75.24,83.43,83,100,3.85,overcast clouds
312,Kavaratti,IN,2020-09-13 20:36:24,10.57,72.64,81.91,78,100,18.63,overcast clouds
313,Dunedin,NZ,2020-09-13 20:36:24,-45.87,170.5,52.0,68,100,1.99,overcast clouds
314,Ancud,CL,2020-09-13 20:36:24,-41.87,-73.82,55.0,71,25,1.01,scattered clouds
315,Bandundu,CD,2020-09-13 20:36:25,-3.32,17.37,81.07,61,43,3.76,scattered clouds
316,San Patricio,MX,2020-09-13 20:36:25,19.22,-104.7,91.4,70,40,11.41,scattered clouds
317,Kutum,SD,2020-09-13 20:36:25,14.2,24.67,72.39,72,2,7.38,light rain
318,Havoysund,NO,2020-09-13 20:36:25,71.0,24.66,48.2,87,75,2.24,broken clouds
319,Komsomolskiy,UZ,2020-09-13 20:36:25,40.43,71.72,64.4,45,0,9.17,clear sky
320,Santa Rosa,PH,2020-09-13 20:36:25,14.31,121.11,82.0,83,20,3.36,few clouds
321,Yumen,CN,2020-09-13 20:36:26,40.28,97.2,45.27,49,0,4.34,clear sky
322,Tautira,PF,2020-09-13 20:36:26,-17.73,-149.15,84.2,66,20,14.99,few clouds
323,Evensk,RU,2020-09-13 20:36:26,61.95,159.23,45.05,68,100,14.88,overcast clouds
324,Farah,AF,2020-09-13 20:36:27,32.5,62.5,56.95,35,0,3.44,clear sky
325,Salumbar,IN,2020-09-13 20:36:27,24.13,74.05,78.39,87,100,6.78,overcast clouds
326,Saint-Francois,FR,2020-09-13 20:36:27,46.42,3.91,71.6,46,0,4.7,clear sky
327,Bandarbeyla,SO,2020-09-13 20:36:27,9.49,50.81,79.66,75,81,22.59,broken clouds
328,Hamilton,US,2020-09-13 20:36:27,39.18,-84.53,82.0,57,1,3.36,clear sky
329,Tessalit,ML,2020-09-13 20:36:28,20.2,1.01,96.91,12,0,7.43,clear sky
330,Thunder Bay,CA,2020-09-13 20:36:28,48.4,-89.32,63.0,45,40,12.75,scattered clouds
331,Tsaratanana,MG,2020-09-13 20:31:38,-16.78,47.65,67.95,67,1,13.56,clear sky
332,Copiapo,CL,2020-09-13 20:36:28,-27.37,-70.33,60.8,67,0,11.41,clear sky
333,Ocampo,MX,2020-09-13 20:36:28,21.65,-101.5,72.72,42,93,12.59,overcast clouds
334,Dayong,CN,2020-09-13 20:36:28,25.02,118.29,77.0,83,93,6.71,overcast clouds
335,Hirakud,IN,2020-09-13 20:36:28,21.52,83.87,77.92,88,98,3.78,overcast clouds
336,Sechelt,CA,2020-09-13 20:36:29,49.47,-123.77,60.01,88,100,7.23,overcast clouds
337,Erzin,TR,2020-09-13 20:36:29,36.96,36.2,81.0,79,50,1.07,scattered clouds
338,Zhuhai,CN,2020-09-13 20:36:29,22.28,113.57,82.4,83,20,12.75,light rain
339,Aykhal,RU,2020-09-13 20:36:29,66.0,111.5,41.0,86,0,4.47,clear sky
340,Manono,CD,2020-09-13 20:36:29,-7.3,27.42,79.83,38,19,2.44,few clouds
341,Comodoro Rivadavia,AR,2020-09-13 20:36:29,-45.87,-67.5,60.8,39,20,9.17,few clouds
342,Mananjary,MG,2020-09-13 20:36:30,-21.22,48.33,68.2,86,18,3.89,light rain
343,Sibolga,ID,2020-09-13 20:36:30,1.74,98.78,76.64,79,94,3.53,overcast clouds
344,Santa Maria Del Oro,MX,2020-09-13 20:36:30,25.93,-105.37,72.19,66,95,10.58,overcast clouds
345,Hay River,CA,2020-09-13 20:36:30,60.82,-115.8,42.8,60,75,10.29,shower rain
346,Port-Gentil,GA,2020-09-13 20:36:31,-0.72,8.78,77.0,83,40,14.12,scattered clouds
347,Porto Murtinho,BR,2020-09-13 20:36:31,-21.7,-57.88,99.55,15,93,3.27,overcast clouds
348,Vetluzhskiy,RU,2020-09-13 20:36:31,58.39,45.47,51.06,92,100,7.16,overcast clouds
349,Sobolevo,RU,2020-09-13 20:36:31,54.43,31.9,50.47,87,64,8.79,broken clouds
350,Calama,CL,2020-09-13 20:34:27,-22.47,-68.93,75.2,9,0,20.8,clear sky
351,Manaus,BR,2020-09-13 20:36:32,-3.1,-60.02,84.2,66,40,3.36,moderate rain
352,Banda Aceh,ID,2020-09-13 20:36:32,5.56,95.32,79.47,77,100,6.62,overcast clouds
353,Kavieng,PG,2020-09-13 20:36:32,-2.57,150.8,82.85,77,66,13.67,broken clouds
354,Miyako,JP,2020-09-13 20:36:32,39.64,141.95,63.81,91,100,11.18,heavy intensity rain
355,Irbil,IQ,2020-09-13 20:36:32,36.19,44.01,89.6,14,0,4.7,clear sky
356,Nizwa,OM,2020-09-13 20:36:32,22.93,57.53,85.37,35,9,1.3,clear sky
357,Santa Vitoria Do Palmar,BR,2020-09-13 20:36:33,-33.52,-53.37,58.66,98,100,7.43,overcast clouds
358,Conselheiro Pena,BR,2020-09-13 20:36:33,-19.17,-41.47,78.62,40,1,6.67,clear sky
359,Henties Bay,NA,2020-09-13 20:36:33,-22.12,14.28,57.0,82,0,5.99,clear sky
360,Sorland,NO,2020-09-13 20:36:33,67.67,12.69,46.4,81,75,9.17,shower rain
361,Chiredzi,ZW,2020-09-13 20:36:33,-21.05,31.67,71.87,51,23,6.93,few clouds
362,Wewak,PG,2020-09-13 20:36:33,-3.55,143.63,78.58,87,99,9.35,overcast clouds
363,Honningsvag,NO,2020-09-13 20:36:33,70.98,25.97,48.2,87,75,2.24,broken clouds
364,Kerchevskiy,RU,2020-09-13 20:36:34,59.95,56.29,50.47,89,100,11.99,overcast clouds
365,Bull Savanna,JM,2020-09-13 20:36:34,17.89,-77.59,82.45,74,99,8.57,overcast clouds
366,Half Moon Bay,US,2020-09-13 20:36:34,37.46,-122.43,70.0,87,1,8.05,mist
367,Auki,SB,2020-09-13 20:36:34,-8.77,160.7,81.54,74,4,4.65,clear sky
368,Bengkulu,ID,2020-09-13 20:36:35,-3.8,102.27,74.59,90,47,4.5,scattered clouds
369,Rio Gallegos,AR,2020-09-13 20:36:35,-51.62,-69.22,51.8,43,75,8.05,broken clouds
370,Neufchateau,FR,2020-09-13 20:36:35,48.35,5.7,69.8,63,0,2.24,clear sky
371,Statesville,US,2020-09-13 20:36:35,35.78,-80.89,82.0,69,90,0.98,overcast clouds
372,Namtsy,RU,2020-09-13 20:33:09,62.72,129.67,51.8,76,75,11.18,broken clouds
373,Sumbe,AO,2020-09-13 20:36:35,-11.21,13.84,71.1,82,5,9.15,clear sky
374,Kailua,US,2020-09-13 20:35:14,21.4,-157.74,84.2,58,20,10.29,few clouds
375,Rach Gia,VN,2020-09-13 20:36:36,10.02,105.08,77.0,100,40,1.12,scattered clouds
376,Portel,BR,2020-09-13 20:36:36,-1.94,-50.82,84.72,64,77,0.85,broken clouds
377,Lookan,PH,2020-09-13 20:36:36,5.04,120.1,83.25,70,100,3.22,overcast clouds
378,Laredo,US,2020-09-13 20:36:36,27.51,-99.51,95.0,44,20,10.29,few clouds
379,Vigeland,NO,2020-09-13 20:36:36,58.08,7.3,59.0,89,98,17.0,overcast clouds
380,Zemio,CF,2020-09-13 20:36:36,5.03,25.14,70.38,93,99,0.58,light rain
381,Joensuu,FI,2020-09-13 20:32:17,62.6,29.76,52.0,76,54,8.05,broken clouds
382,Maceio,BR,2020-09-13 20:33:41,-9.67,-35.74,77.0,69,25,10.29,scattered clouds
383,Lakheri,IN,2020-09-13 20:36:37,25.67,76.17,82.71,58,0,3.56,clear sky
384,Sao Joao Da Barra,BR,2020-09-13 20:36:37,-21.64,-41.05,77.0,69,0,25.28,clear sky
385,Samarai,PG,2020-09-13 20:36:37,-10.62,150.67,76.69,82,86,7.43,overcast clouds
386,Itoman,JP,2020-09-13 20:36:37,26.12,127.67,82.4,78,75,4.7,heavy intensity rain
387,Tigil,RU,2020-09-13 20:36:37,57.8,158.67,45.37,86,100,10.98,overcast clouds
388,Pestera,RO,2020-09-13 20:36:38,44.18,28.13,69.8,72,11,3.36,few clouds
389,Marystown,CA,2020-09-13 20:36:38,47.17,-55.15,61.0,100,99,7.4,overcast clouds
390,Sungairaya,ID,2020-09-13 20:36:38,0.7,108.9,75.94,91,100,2.17,overcast clouds
391,Pozo Colorado,PY,2020-09-13 20:36:38,-23.49,-58.8,100.11,15,62,5.57,broken clouds
392,Miquelon,PM,2020-09-13 20:36:39,47.1,-56.38,59.0,87,100,9.17,overcast clouds
393,Maturin,VE,2020-09-13 20:35:18,9.75,-63.18,85.6,82,85,2.82,overcast clouds
394,Tomaszow Mazowiecki,PL,2020-09-13 20:36:39,51.53,20.01,62.01,83,36,4.7,scattered clouds
395,Idil,TR,2020-09-13 20:36:39,37.34,41.89,79.79,18,0,3.15,clear sky
396,Fengcheng,CN,2020-09-13 20:36:39,40.45,124.07,57.25,91,0,3.4,clear sky
397,Labuan,MY,2020-09-13 20:36:39,5.28,115.24,77.0,94,40,1.12,light rain
398,Wamba,NG,2020-09-13 20:36:40,8.93,8.6,71.4,95,53,0.36,light rain
399,Camacha,PT,2020-09-13 20:36:40,33.08,-16.33,73.4,83,40,6.93,scattered clouds
400,Lac Du Bonnet,CA,2020-09-13 20:36:40,50.25,-96.06,57.0,99,54,4.0,broken clouds
401,Maniago,IT,2020-09-13 20:36:40,46.17,12.71,73.99,71,44,3.76,scattered clouds
402,Demba,CD,2020-09-13 20:36:40,-5.51,22.27,75.58,57,0,2.26,clear sky
403,Khurda,IN,2020-09-13 20:36:40,20.18,85.62,82.4,94,20,2.24,haze
404,Aksu,CN,2020-09-13 20:36:40,41.12,80.26,69.48,31,70,6.51,broken clouds
405,Vilyuysk,RU,2020-09-13 20:36:41,63.76,121.62,39.38,95,0,5.28,clear sky
406,Ranong,TH,2020-09-13 20:36:41,9.97,98.63,78.82,83,100,2.01,moderate rain
407,Coolum Beach,AU,2020-09-13 20:36:06,-26.53,153.1,57.0,100,26,4.27,scattered clouds
408,Singaraja,ID,2020-09-13 20:36:41,-8.11,115.09,75.34,69,23,5.75,few clouds
409,Kaputa,ZM,2020-09-13 20:36:41,-8.47,29.66,72.37,53,30,0.51,scattered clouds
410,Olavarria,AR,2020-09-13 20:36:41,-36.89,-60.32,61.0,31,25,5.99,scattered clouds
411,Lovozero,RU,2020-09-13 20:36:41,68.0,35.01,45.82,91,100,9.57,overcast clouds
412,Tondano,ID,2020-09-13 20:36:42,1.3,124.91,75.2,94,40,1.12,scattered clouds
413,Hun,LY,2020-09-13 20:36:42,29.13,15.95,78.57,61,0,13.85,clear sky
414,Vila Franca Do Campo,PT,2020-09-13 20:36:43,37.72,-25.43,71.6,78,20,10.29,few clouds
415,Banjar,ID,2020-09-13 20:36:43,-8.19,114.97,78.8,88,20,4.7,few clouds
416,Takoradi,GH,2020-09-13 20:33:10,4.88,-1.76,75.7,91,46,9.48,scattered clouds
417,Qasigiannguit,GL,2020-09-13 20:36:43,68.82,-51.19,30.2,54,5,4.7,clear sky
418,Tiznit,MA,2020-09-13 20:36:43,29.58,-9.5,74.01,60,100,6.22,overcast clouds
419,Sabha,LY,2020-09-13 20:36:43,27.04,14.43,84.18,29,0,10.47,clear sky
420,Jiuquan,CN,2020-09-13 20:36:43,39.74,98.52,51.73,42,0,1.97,clear sky
421,Sydney,AU,2020-09-13 20:36:44,-33.87,151.21,57.2,71,0,5.82,clear sky
422,Coihaique,CL,2020-09-13 20:36:44,-45.58,-72.07,48.2,49,40,9.17,scattered clouds
423,Yacuiba,BO,2020-09-13 20:36:44,-22.04,-63.68,90.55,31,75,9.06,broken clouds
424,Hailakandi,IN,2020-09-13 20:36:44,24.68,92.57,75.42,96,99,1.83,overcast clouds
425,Grand Gaube,MU,2020-09-13 20:31:59,-20.01,57.66,66.99,85,93,5.01,overcast clouds
426,Wagar,SD,2020-09-13 20:36:44,16.15,36.2,93.24,37,0,11.05,clear sky
427,Sorong,ID,2020-09-13 20:36:44,-0.88,131.25,76.98,92,100,14.0,overcast clouds
428,Oriximina,BR,2020-09-13 20:36:44,-1.77,-55.87,92.84,42,74,4.9,broken clouds
429,Tual,ID,2020-09-13 20:36:45,-5.67,132.75,78.39,80,97,22.48,overcast clouds
430,Lhokseumawe,ID,2020-09-13 20:36:45,5.18,97.15,77.58,82,100,2.98,overcast clouds
431,Whitehaven,GB,2020-09-13 20:36:45,54.55,-3.58,57.99,93,50,8.01,scattered clouds
432,Klaksvik,FO,2020-09-13 20:36:45,62.23,-6.59,48.2,87,98,5.82,overcast clouds
433,Warrnambool,AU,2020-09-13 20:36:45,-38.38,142.48,48.99,83,6,1.99,clear sky
434,Malakal,SS,2020-09-13 20:36:45,9.53,31.66,70.61,96,91,6.85,overcast clouds
435,Harper,LR,2020-09-13 20:36:45,4.38,-7.72,76.82,88,78,10.45,broken clouds
436,Tongliao,CN,2020-09-13 20:36:46,43.61,122.27,56.46,93,68,2.06,broken clouds
437,Bedworth,GB,2020-09-13 20:36:28,52.48,-1.47,64.0,77,0,3.36,clear sky
438,Tombouctou,ML,2020-09-13 20:36:46,20.0,-3.0,102.63,11,0,4.68,clear sky
439,Chitral,PK,2020-09-13 20:36:47,35.85,71.79,69.82,39,52,1.99,broken clouds
440,Ust-Kan,RU,2020-09-13 20:36:47,50.93,84.76,38.17,75,3,2.62,clear sky
441,Saint-Georges,GD,2020-09-13 20:36:05,12.06,-61.75,89.6,75,40,17.22,scattered clouds
442,Zhicheng,CN,2020-09-13 20:36:47,30.3,111.5,66.0,95,100,1.77,light rain
443,Saint-Pierre,RE,2020-09-13 20:32:11,-21.34,55.48,69.01,68,90,6.93,overcast clouds
444,Puerto Ayacucho,VE,2020-09-13 20:36:47,5.66,-67.62,84.2,74,40,10.29,moderate rain
445,Ulety,RU,2020-09-13 20:36:47,51.36,112.48,36.39,88,0,3.65,clear sky
446,Pareora,NZ,2020-09-13 20:36:47,-44.49,171.21,48.99,94,42,3.0,scattered clouds
447,Matara,LK,2020-09-13 20:36:48,5.95,80.54,77.36,88,92,10.27,overcast clouds
448,Wloclawek,PL,2020-09-13 20:36:48,52.65,19.07,60.94,77,18,6.42,few clouds
449,Balikpapan,ID,2020-09-13 20:36:48,-1.27,116.83,75.27,92,100,3.91,light rain
450,Mongu,ZM,2020-09-13 20:36:48,-15.25,23.13,67.06,26,0,3.74,clear sky
451,Sembe,CG,2020-09-13 20:36:48,1.65,14.58,71.02,93,100,3.6,moderate rain
452,Olga,RU,2020-09-13 20:36:48,43.74,135.29,56.95,92,100,24.38,overcast clouds
453,Chambas,CU,2020-09-13 20:36:49,22.19,-78.91,89.6,66,40,12.75,moderate rain
454,Sambava,MG,2020-09-13 20:36:49,-14.27,50.17,70.14,82,84,14.29,broken clouds
455,Okhotsk,RU,2020-09-13 20:36:49,59.38,143.3,54.27,61,0,4.07,clear sky
456,Andenes,NO,2020-09-13 20:36:49,69.31,16.12,48.2,87,75,6.93,light rain
457,Carupano,VE,2020-09-13 20:36:49,10.67,-63.26,84.79,82,36,5.19,scattered clouds
458,Kushmurun,KZ,2020-09-13 20:36:49,52.45,64.63,54.77,79,40,10.36,scattered clouds
459,Yerbogachen,RU,2020-09-13 20:36:50,61.28,108.01,41.97,92,0,4.03,clear sky
460,Granada,ES,2020-09-13 20:36:50,37.25,-3.25,82.4,32,97,8.05,overcast clouds
461,Los Banos,PH,2020-09-13 20:36:50,14.17,121.18,82.0,83,20,3.36,few clouds
462,Kikwit,CD,2020-09-13 20:36:50,-5.04,18.82,80.83,50,0,1.74,clear sky
463,Karachi,PK,2020-09-13 20:33:51,24.91,67.08,84.2,70,75,11.16,broken clouds
464,Nishihara,JP,2020-09-13 20:36:50,26.18,127.76,82.4,94,75,3.36,light rain
465,Lahaina,US,2020-09-13 20:36:51,20.88,-156.68,89.6,38,20,18.34,few clouds
466,Dabola,GN,2020-09-13 20:36:51,10.75,-11.12,73.67,88,100,1.5,overcast clouds
467,Sao Filipe,CV,2020-09-13 20:36:51,14.9,-24.5,79.14,81,99,9.48,light rain
468,Omboue,GA,2020-09-13 20:36:51,-1.57,9.26,75.49,81,94,9.22,overcast clouds
469,Am Timan,TD,2020-09-13 20:36:51,11.03,20.28,72.99,97,100,6.11,moderate rain
470,Soyo,AO,2020-09-13 20:36:52,-6.13,12.37,73.81,83,43,9.64,scattered clouds
471,Menongue,AO,2020-09-13 20:36:52,-14.66,17.69,60.93,29,0,4.65,clear sky
472,Broken Hill,AU,2020-09-13 20:31:55,-31.95,141.43,48.2,76,0,13.87,clear sky
473,Medea,DZ,2020-09-13 20:36:52,36.26,2.75,77.0,83,40,10.29,scattered clouds
474,Puerto Carreno,CO,2020-09-13 20:36:52,6.19,-67.49,84.2,74,40,10.29,thunderstorm
475,Spring Hill,US,2020-09-13 20:31:57,28.48,-82.53,80.01,88,20,9.17,few clouds
476,Dicabisagan,PH,2020-09-13 20:36:52,17.08,122.42,78.87,84,11,2.3,few clouds
477,Isla Vista,US,2020-09-13 20:36:52,34.41,-119.86,84.0,68,1,5.82,haze
478,Santa Lucia,ES,2020-09-13 20:36:53,27.91,-15.54,75.2,83,20,10.29,few clouds
479,Bilibino,RU,2020-09-13 20:36:53,68.05,166.44,41.52,74,100,5.79,overcast clouds
480,Velden Am Worthersee,AT,2020-09-13 20:36:53,46.61,14.04,64.4,88,67,4.7,broken clouds
481,Bonao,DO,2020-09-13 20:36:53,18.94,-70.41,89.6,59,75,11.41,broken clouds
482,Sisophon,KH,2020-09-13 20:36:53,13.59,102.97,77.67,87,98,4.43,overcast clouds
483,Margate,GB,2020-09-13 20:34:07,51.38,1.39,64.99,81,0,1.01,clear sky
484,Hudson,US,2020-09-13 20:36:53,40.72,-74.07,77.0,69,75,10.29,broken clouds
485,Port Pirie,AU,2020-09-13 20:36:53,-33.18,138.02,53.6,87,90,9.17,overcast clouds
486,Alyangula,AU,2020-09-13 20:36:54,-13.85,136.42,62.6,93,90,3.36,overcast clouds
487,Jardim,BR,2020-09-13 20:36:54,-21.48,-56.14,94.44,17,96,2.3,overcast clouds
488,Plavsk,RU,2020-09-13 20:36:54,53.71,37.29,56.97,90,99,10.8,light rain
489,Sola,VU,2020-09-13 20:36:54,-13.88,167.55,79.25,84,99,21.74,overcast clouds
490,Kochevo,RU,2020-09-13 20:36:55,59.6,54.31,51.17,86,100,11.39,overcast clouds
491,Vila Do Maio,CV,2020-09-13 20:36:55,15.13,-23.22,80.19,82,97,11.48,light rain
492,Tromso,NO,2020-09-13 20:36:55,69.65,18.96,46.4,81,40,8.05,scattered clouds
493,Iguape,BR,2020-09-13 20:36:55,-24.71,-47.56,72.3,84,0,9.98,clear sky
494,Miles City,US,2020-09-13 20:36:55,46.41,-105.84,66.2,37,1,4.7,clear sky
495,Pirovskoye,RU,2020-09-13 20:36:55,57.63,92.27,44.56,94,87,2.19,overcast clouds
496,Boshnyakovo,RU,2020-09-13 20:36:56,49.63,142.17,52.27,63,0,5.14,clear sky
497,Krasnoselkup,RU,2020-09-13 20:36:56,65.7,82.47,51.91,93,100,9.01,overcast clouds
498,Kamenka,RU,2020-09-13 20:36:56,51.32,42.77,56.95,43,55,10.11,broken clouds
499,Hambantota,LK,2020-09-13 20:36:56,6.12,81.12,79.74,79,98,17.76,moderate rain
500,Goure,NE,2020-09-13 20:36:28,13.98,10.27,86.0,57,100,1.01,overcast clouds
501,Naranjal,EC,2020-09-13 20:36:56,-2.67,-79.62,84.2,58,75,6.93,broken clouds
502,Nchelenge,ZM,2020-09-13 20:36:56,-9.35,28.73,76.12,47,55,3.98,broken clouds
503,Njeru,UG,2020-09-13 20:36:57,0.42,33.17,68.67,73,47,3.4,scattered clouds
504,Los Llanos De Aridane,ES,2020-09-13 20:31:57,28.66,-17.92,75.2,78,20,2.24,few clouds
505,Waipawa,NZ,2020-09-13 20:36:57,-41.41,175.52,57.2,67,21,17.22,few clouds
506,Ballina,AU,2020-09-13 20:36:50,-28.87,153.57,55.0,100,20,3.36,few clouds
507,Puro,PH,2020-09-13 20:36:57,12.48,123.38,81.01,81,100,5.88,overcast clouds
508,Nanortalik,GL,2020-09-13 20:36:57,60.14,-45.24,38.55,72,0,7.54,clear sky
509,Kabare,CD,2020-09-13 20:36:57,-2.47,28.82,66.7,58,50,1.21,scattered clouds
510,Ucluelet,CA,2020-09-13 20:36:58,48.93,-125.55,57.99,93,90,5.82,light intensity drizzle
511,Sept-Iles,CA,2020-09-13 20:33:02,50.2,-66.38,54.0,81,90,6.93,shower rain
512,Emerald,AU,2020-09-13 20:36:58,-23.53,148.17,59.0,93,0,5.82,clear sky
513,Hastings,GB,2020-09-13 20:36:58,50.86,0.57,60.01,87,0,3.89,clear sky
514,Tunceli,TR,2020-09-13 20:32:36,39.11,39.55,71.6,28,0,5.82,clear sky
515,Te Anau,NZ,2020-09-13 20:36:59,-45.42,167.72,51.82,87,97,6.15,light rain
516,Faanui,PF,2020-09-13 20:36:59,-16.48,-151.75,78.26,79,91,11.56,overcast clouds
517,Yaan,NG,2020-09-13 20:36:59,7.38,8.57,73.26,97,90,4.59,overcast clouds
518,Beringovskiy,RU,2020-09-13 20:36:59,63.05,179.32,48.76,97,100,13.31,moderate rain
519,Bismarck,US,2020-09-13 20:36:59,46.81,-100.78,66.2,39,1,14.99,clear sky
520,Kuruman,ZA,2020-09-13 20:34:05,-27.45,23.43,63.0,36,0,15.61,clear sky
521,Camabatela,AO,2020-09-13 20:37:00,-8.19,15.38,68.34,66,36,6.08,scattered clouds
522,Houma,US,2020-09-13 20:37:00,29.6,-90.72,89.6,62,75,14.99,broken clouds
523,Issia,CI,2020-09-13 20:37:00,6.49,-6.59,72.45,98,97,4.76,overcast clouds
524,Sao Jose Da Coroa Grande,BR,2020-09-13 20:37:00,-8.9,-35.15,74.95,75,42,10.0,scattered clouds
525,Souillac,MU,2020-09-13 20:37:01,-20.52,57.52,71.6,78,75,10.29,shower rain
526,Saint-Leu,RE,2020-09-13 20:37:01,-21.15,55.28,69.01,68,90,6.93,overcast clouds
527,Da Lat,VN,2020-09-13 20:37:01,11.95,108.44,59.11,100,94,0.72,overcast clouds
528,Zilair,RU,2020-09-13 20:37:01,52.23,57.44,45.16,79,95,1.99,overcast clouds
529,Chacabuco,AR,2020-09-13 20:37:01,-34.64,-60.47,66.99,36,0,11.01,clear sky
530,Sheridan,US,2020-09-13 20:35:37,44.83,-106.92,82.4,17,1,6.91,clear sky
531,Caribou,US,2020-09-13 20:37:01,46.86,-68.01,69.8,40,1,19.46,clear sky
532,Hofn,IS,2020-09-13 20:37:02,64.25,-15.21,44.65,77,100,8.41,overcast clouds
533,Avera,US,2020-09-13 20:37:02,33.19,-82.53,86.0,66,75,8.05,broken clouds
534,High Prairie,CA,2020-09-13 20:37:02,55.43,-116.49,55.29,52,99,10.16,overcast clouds
535,Wenling,CN,2020-09-13 20:37:03,28.37,121.36,73.99,81,98,3.58,light rain
536,Bonfim,BR,2020-09-13 20:37:03,3.08,-59.95,87.06,62,65,3.98,broken clouds
537,Malaga,ES,2020-09-13 20:32:46,36.72,-4.42,78.01,64,90,2.24,overcast clouds
538,Yamada,JP,2020-09-13 20:37:03,39.47,141.95,64.29,91,100,11.36,moderate rain
539,Mtinko,TZ,2020-09-13 20:37:03,-4.55,34.85,63.93,58,1,15.73,clear sky
540,Beaverlodge,CA,2020-09-13 20:37:03,55.22,-119.44,51.8,71,90,11.41,overcast clouds
541,Boa Vista,BR,2020-09-13 20:37:03,2.82,-60.67,96.8,37,40,5.82,scattered clouds
542,Urucara,BR,2020-09-13 20:37:04,-2.54,-57.76,93.36,39,89,5.95,overcast clouds
543,Pasighat,IN,2020-09-13 20:37:04,28.07,95.33,75.99,85,99,1.7,light rain
544,Chestermere,CA,2020-09-13 20:37:04,51.03,-113.82,59.0,58,90,3.36,overcast clouds
545,Taoudenni,ML,2020-09-13 20:37:04,22.68,-3.98,106.05,11,44,9.93,scattered clouds
546,Kurchum,KZ,2020-09-13 20:37:04,48.57,83.65,52.45,42,0,3.83,clear sky
547,Husavik,IS,2020-09-13 20:37:05,66.04,-17.34,44.6,81,75,4.7,broken clouds
548,Isiro,CD,2020-09-13 20:37:05,2.77,27.62,66.52,98,100,1.95,overcast clouds
549,Anadyr,RU,2020-09-13 20:37:05,64.75,177.48,46.4,93,40,24.61,light rain
550,Mareeba,AU,2020-09-13 20:37:05,-17.0,145.43,66.99,87,64,1.99,broken clouds
551,Santa Cruz,BO,2020-09-13 20:37:05,-17.8,-63.17,93.2,44,20,16.11,smoke
552,Yeniseysk,RU,2020-09-13 20:37:06,58.45,92.17,45.23,94,85,1.34,overcast clouds
553,Pimentel,PE,2020-09-13 20:37:06,-6.84,-79.93,69.8,64,25,20.8,scattered clouds
554,Santa Vitoria,BR,2020-09-13 20:37:07,-18.84,-50.12,88.2,17,0,7.29,clear sky
555,Chanal,MX,2020-09-13 20:37:07,16.72,-92.4,86.0,55,40,8.05,scattered clouds
556,Le Chambon-Feugerolles,FR,2020-09-13 20:37:07,45.4,4.33,71.6,53,0,1.12,clear sky
557,Kieta,PG,2020-09-13 20:37:07,-6.22,155.63,81.07,74,76,5.19,light rain
558,San Ramon,US,2020-09-13 20:34:05,37.78,-121.98,82.0,47,90,4.7,haze
559,Riyadh,SA,2020-09-13 20:33:50,24.69,46.72,87.8,25,10,3.27,clear sky
560,Horsham,GB,2020-09-13 20:33:52,51.06,-0.33,62.6,82,0,3.36,clear sky
561,Srednekolymsk,RU,2020-09-13 20:37:07,67.45,153.68,44.58,70,0,5.26,clear sky
562,Vorotynets,RU,2020-09-13 20:37:07,56.06,45.86,53.8,91,100,12.66,moderate rain
563,Makokou,GA,2020-09-13 20:37:08,0.57,12.86,70.88,95,100,3.74,light rain
564,Longjiang,CN,2020-09-13 20:37:08,47.33,123.18,53.08,90,25,1.05,scattered clouds
565,Sioux Lookout,CA,2020-09-13 20:36:41,50.1,-91.92,53.6,66,75,11.41,shower rain
566,Ylivieska,FI,2020-09-13 20:37:08,64.08,24.55,55.0,84,26,4.0,scattered clouds
567,Palembang,ID,2020-09-13 20:37:08,-2.92,104.75,75.16,89,87,1.45,light rain
568,Chirongui,YT,2020-09-13 20:37:08,-12.93,45.15,77.0,83,75,4.7,broken clouds
569,Batagay,RU,2020-09-13 20:37:08,67.63,134.63,47.21,72,99,5.59,light rain
570,Waingapu,ID,2020-09-13 20:37:09,-9.66,120.26,72.41,83,67,4.59,broken clouds
571,Cody,US,2020-09-13 20:32:54,44.53,-109.06,84.0,12,1,11.41,clear sky
572,Priladozhskiy,RU,2020-09-13 20:37:09,59.85,31.48,53.01,66,0,13.31,clear sky
573,Turukhansk,RU,2020-09-13 20:37:09,65.82,87.98,53.29,95,100,14.5,light rain
574,Verkhniy Mamon,RU,2020-09-13 20:37:09,50.16,40.38,58.28,37,32,6.85,scattered clouds
575,Taperoa,BR,2020-09-13 20:37:09,-7.21,-36.83,75.56,46,82,17.65,broken clouds
576,The Pas,CA,2020-09-13 20:37:10,53.83,-101.25,51.8,53,1,5.82,clear sky
577,Erdenet,MN,2020-09-13 20:37:10,49.03,104.08,35.04,84,80,7.76,light rain
578,Fengrun,CN,2020-09-13 20:37:10,39.83,118.12,64.33,78,99,0.45,light rain
579,Honiara,SB,2020-09-13 20:37:10,-9.43,159.95,77.0,88,20,3.36,few clouds
580,Charlestown,AU,2020-09-13 20:37:11,-32.95,151.67,59.0,68,1,3.0,clear sky
581,Cabo Rojo,PR,2020-09-13 20:37:11,18.09,-67.15,87.01,73,26,4.0,scattered clouds
582,San Miguel,SV,2020-09-13 20:36:28,13.48,-88.18,83.17,83,87,3.42,overcast clouds
583,Wuwei,CN,2020-09-13 20:37:11,37.93,102.64,57.16,60,70,3.04,broken clouds
584,West Wendover,US,2020-09-13 20:37:11,40.74,-114.07,78.8,11,1,8.05,clear sky
585,Mumford,GH,2020-09-13 20:37:11,5.26,-0.76,75.61,91,74,10.67,broken clouds
586,Bend,US,2020-09-13 20:37:11,44.06,-121.32,82.0,10,90,16.28,haze
587,Kuytun,RU,2020-09-13 20:37:12,54.34,101.5,44.82,94,100,16.6,moderate rain
588,Namatanai,PG,2020-09-13 20:37:12,-3.67,152.43,80.62,81,6,7.92,clear sky
589,Shahreza,IR,2020-09-13 20:37:12,32.03,51.88,57.78,34,0,3.96,clear sky
590,Cruzeiro Do Sul,BR,2020-09-13 20:37:12,-29.51,-51.99,75.99,87,35,2.77,scattered clouds
591,Santa Fe Do Sul,BR,2020-09-13 20:37:12,-20.21,-50.93,90.36,18,0,5.26,clear sky
592,Elat,IL,2020-09-13 20:37:12,29.56,34.95,95.0,36,0,11.41,clear sky
593,Tarko-Sale,RU,2020-09-13 20:37:12,64.92,77.78,46.0,91,92,8.81,overcast clouds
594,Twin Falls,US,2020-09-13 20:34:40,42.56,-114.46,87.8,26,1,8.05,haze
595,Turinsk,RU,2020-09-13 20:33:04,58.05,63.7,44.29,86,67,5.93,broken clouds
596,Codrington,AU,2020-09-13 20:37:13,-38.27,141.97,45.09,92,0,6.98,clear sky
597,Portobelo,PA,2020-09-13 20:37:13,9.55,-79.65,84.99,74,40,8.05,scattered clouds
598,Roald,NO,2020-09-13 20:37:13,62.58,6.13,53.6,76,75,13.87,broken clouds
599,Kedrovyy,RU,2020-09-13 20:37:13,56.17,91.82,37.4,100,71,2.24,broken clouds
600,Salinas,US,2020-09-13 20:36:30,36.68,-121.66,62.6,72,1,9.17,haze
601,Qazax,AZ,2020-09-13 20:37:13,41.09,45.37,70.41,61,0,2.26,clear sky
602,Barcelos,PT,2020-09-13 20:37:13,41.54,-8.62,75.0,78,90,6.93,overcast clouds
603,Genhe,CN,2020-09-13 20:37:14,50.78,121.52,47.43,94,76,3.29,broken clouds
604,Shingu,JP,2020-09-13 20:37:14,33.73,135.98,69.69,82,33,5.17,scattered clouds
605,Shimoda,JP,2020-09-13 20:37:14,34.67,138.95,69.01,96,37,1.01,scattered clouds
606,Ossora,RU,2020-09-13 20:37:15,59.24,163.07,48.45,77,63,17.83,broken clouds
607,Opuwo,NA,2020-09-13 20:37:15,-18.06,13.84,63.16,32,0,5.06,clear sky
608,Neiafu,TO,2020-09-13 20:37:15,-18.65,-173.98,73.4,69,20,11.41,few clouds
609,Kayerkan,RU,2020-09-13 20:37:15,69.35,87.76,51.8,93,40,11.18,scattered clouds
610,Chara,RU,2020-09-13 20:37:15,56.91,118.26,51.67,74,94,3.11,overcast clouds
611,Kasongo-Lunda,CD,2020-09-13 20:37:15,-6.47,16.82,84.63,38,88,1.66,overcast clouds
612,Kalmunai,LK,2020-09-13 20:37:15,7.42,81.82,80.17,73,100,3.49,overcast clouds
613,Luganville,VU,2020-09-13 20:37:16,-15.53,167.17,71.6,100,90,11.41,shower rain
614,El Centro,US,2020-09-13 20:35:40,32.79,-115.56,100.99,14,1,4.7,clear sky
615,Saint-Joseph,RE,2020-09-13 20:37:16,-21.37,55.62,69.01,68,90,6.93,overcast clouds
616,Dzheguta,RU,2020-09-13 20:37:16,43.97,42.04,62.47,71,0,3.91,clear sky
617,Mitzic,GA,2020-09-13 20:37:16,0.78,11.55,70.66,92,96,4.34,light rain
618,Kudahuvadhoo,MV,2020-09-13 20:37:16,2.67,72.89,82.26,76,100,9.62,overcast clouds
619,Dryden,CA,2020-09-13 20:37:16,49.78,-92.75,51.8,81,90,10.29,overcast clouds
620,Lethem,GY,2020-09-13 20:37:17,3.38,-59.8,85.39,65,86,2.26,overcast clouds
621,Kovdor,RU,2020-09-13 20:33:04,67.57,30.48,38.55,95,26,5.06,scattered clouds
622,Ouesso,CG,2020-09-13 20:37:17,1.61,16.05,72.39,93,100,1.68,overcast clouds
623,Lobito,AO,2020-09-13 20:37:17,-12.35,13.55,71.8,79,97,5.91,overcast clouds
624,Mandaguari,BR,2020-09-13 20:37:17,-23.55,-51.67,95.0,23,100,10.29,overcast clouds
625,Alekseyevsk,RU,2020-09-13 20:37:17,57.84,108.35,46.13,84,66,12.24,broken clouds
626,Joutseno,FI,2020-09-13 20:37:17,61.12,28.51,52.0,76,2,10.29,clear sky
627,Musoma,TZ,2020-09-13 20:37:17,-1.5,33.8,73.4,88,40,4.41,scattered clouds
628,Constitucion,CL,2020-09-13 20:37:18,-35.33,-72.42,59.97,53,0,16.42,clear sky
629,Bahua,IN,2020-09-13 20:37:18,25.85,80.63,85.95,66,100,4.09,overcast clouds
630,Hope,US,2020-09-13 20:37:18,33.67,-93.59,90.0,55,14,4.0,few clouds
631,Epe,NG,2020-09-13 20:37:18,6.58,3.98,75.33,92,100,4.36,overcast clouds
632,Batticaloa,LK,2020-09-13 20:37:19,7.71,81.69,80.19,70,97,7.76,overcast clouds
633,Olinda,BR,2020-09-13 20:37:19,-8.01,-34.86,80.6,65,20,8.05,few clouds
634,Kota Bahru,MY,2020-09-13 20:37:19,6.13,102.24,77.0,94,20,4.45,heavy intensity rain
635,Gualaquiza,EC,2020-09-13 20:37:19,-3.4,-78.55,72.66,75,12,2.86,moderate rain
636,Aripuana,BR,2020-09-13 20:37:19,-9.17,-60.63,99.99,21,46,1.88,scattered clouds
637,Asyut,EG,2020-09-13 20:37:19,27.18,31.18,86.0,37,0,11.41,clear sky
638,Kumta,IN,2020-09-13 20:37:20,14.42,74.4,76.24,86,100,3.2,moderate rain
639,Turayf,SA,2020-09-13 20:37:20,31.67,38.66,86.0,27,0,10.29,clear sky
640,Praia,CV,2020-09-13 20:37:20,14.92,-23.51,79.14,82,50,9.08,light rain
641,Vuktyl,RU,2020-09-13 20:33:09,63.86,57.31,49.19,91,100,15.17,light rain
642,Sol-Iletsk,RU,2020-09-13 20:37:20,51.16,54.99,51.98,61,0,3.27,clear sky
643,Moron,AR,2020-09-13 20:37:20,-34.65,-58.62,69.8,52,0,11.41,clear sky
644,College,US,2020-09-13 20:37:20,64.86,-147.8,50.0,61,20,3.36,few clouds
645,Labrea,BR,2020-09-13 20:37:21,-7.26,-64.8,98.1,30,69,1.88,broken clouds
646,Vukovar,HR,2020-09-13 20:37:21,45.34,19.0,73.4,60,0,6.93,clear sky
647,Anstruther,GB,2020-09-13 20:37:21,56.22,-2.7,62.6,82,20,17.22,few clouds
648,Hualmay,PE,2020-09-13 20:37:22,-11.1,-77.61,64.94,72,25,11.1,scattered clouds
649,Tucuman,AR,2020-09-13 20:37:22,-26.82,-65.22,82.4,37,0,6.93,smoke
650,Irtyshskiy,RU,2020-09-13 20:37:22,58.33,68.13,43.9,95,95,1.97,overcast clouds
651,Abu Samrah,SY,2020-09-13 20:37:22,35.3,37.18,69.42,69,0,6.24,clear sky
652,Yulara,AU,2020-09-13 20:37:23,-25.24,130.99,62.6,51,0,11.41,clear sky
653,Panorama,GR,2020-09-13 20:37:23,40.59,23.03,80.01,47,20,4.7,few clouds
654,Manta,EC,2020-09-13 20:37:23,-0.95,-80.73,84.2,66,20,6.93,few clouds
655,Kloulklubed,PW,2020-09-13 20:37:23,7.04,134.26,77.0,94,90,13.87,overcast clouds
656,Ola,RU,2020-09-13 20:37:23,59.58,151.28,49.59,61,0,9.89,clear sky
657,Leskovac,RS,2020-09-13 20:37:23,43.0,21.95,69.8,56,1,2.24,clear sky
658,Nelson Bay,AU,2020-09-13 20:37:24,-32.72,152.15,55.99,87,3,9.73,clear sky
659,Marsabit,KE,2020-09-13 20:37:24,2.33,37.99,67.96,64,37,23.11,scattered clouds
660,Lima,PE,2020-09-13 20:33:04,-12.04,-77.03,64.4,72,90,6.93,overcast clouds
661,Tezu,IN,2020-09-13 20:37:24,27.92,96.17,74.35,85,99,3.04,moderate rain
662,Topolobampo,MX,2020-09-13 20:37:24,25.6,-109.05,89.6,55,75,12.75,broken clouds
663,Gravdal,NO,2020-09-13 20:37:25,68.12,13.5,46.4,81,75,9.17,shower rain
664,Perth,AU,2020-09-13 20:34:54,-31.93,115.83,62.01,54,77,13.87,broken clouds
665,Chkalovsk,RU,2020-09-13 20:37:25,56.76,43.24,55.4,93,90,4.47,light intensity shower rain
666,Nemuro,JP,2020-09-13 20:37:25,43.32,145.57,57.43,67,100,9.95,overcast clouds
667,Liepaja,LV,2020-09-13 20:37:25,56.54,21.04,62.6,82,100,21.92,overcast clouds
668,Ocosingo,MX,2020-09-13 20:37:26,17.07,-92.25,87.8,70,75,2.64,broken clouds
669,Rincon,US,2020-09-13 20:37:27,32.3,-81.24,87.8,62,75,14.99,broken clouds
670,Chapais,CA,2020-09-13 20:37:27,49.78,-74.85,59.0,100,90,13.87,mist
671,Port Augusta,AU,2020-09-13 20:37:27,-32.5,137.77,53.6,87,90,9.17,overcast clouds
672,Muros,ES,2020-09-13 20:37:27,42.78,-9.06,71.01,66,100,7.92,overcast clouds
673,Flinders,AU,2020-09-13 20:37:28,-34.58,150.86,53.01,81,0,1.01,clear sky
674,Banjarmasin,ID,2020-09-13 20:37:28,-3.32,114.59,73.4,100,100,1.12,mist
675,Ahipara,NZ,2020-09-13 20:37:28,-35.17,173.17,55.15,65,95,8.1,overcast clouds
676,Ust-Tsilma,RU,2020-09-13 20:37:28,65.44,52.15,50.36,92,100,9.66,light rain
677,Porto Novo,BJ,2020-09-13 20:37:28,6.5,2.6,78.8,78,20,11.41,few clouds
678,Laguna De Perlas,NI,2020-09-13 20:37:28,12.34,-83.67,80.6,83,75,9.17,light intensity drizzle
679,Malinyi,TZ,2020-09-13 20:37:29,-8.93,36.13,76.35,47,4,2.66,clear sky
680,Karratha,AU,2020-09-13 20:37:29,-20.74,116.85,76.82,31,23,10.36,few clouds
681,Homer,US,2020-09-13 20:32:50,59.64,-151.55,55.0,62,1,5.82,clear sky
682,Adeje,ES,2020-09-13 20:37:29,28.12,-16.73,75.99,78,75,3.36,broken clouds
683,Severnyy,RU,2020-09-13 20:37:29,50.68,36.55,62.6,33,94,8.95,overcast clouds
684,Kelowna,CA,2020-09-13 20:35:04,49.88,-119.49,72.0,43,75,3.36,haze
685,El Rosario,MX,2020-09-13 20:37:29,24.26,-107.18,91.4,55,75,4.7,broken clouds
686,Ulaanbaatar,MN,2020-09-13 20:33:27,47.91,106.88,37.4,69,0,5.41,clear sky
687,Quang Ngai,VN,2020-09-13 20:37:29,15.12,108.8,75.99,89,100,3.62,overcast clouds
688,Wanning,CN,2020-09-13 20:37:30,18.8,110.4,79.45,81,83,2.59,broken clouds
689,Sao Pedro,BR,2020-09-13 20:37:30,-22.55,-47.91,83.37,30,0,3.38,clear sky
690,Tynda,RU,2020-09-13 20:37:30,55.17,124.72,49.42,91,99,1.7,overcast clouds
691,Puri,IN,2020-09-13 20:37:30,19.8,85.85,82.4,94,20,2.24,haze
